{"global-colors":[{"name":"contrast","slug":"contrast","color":"#212121"},{"name":"contrast-2","slug":"contrast-2","color":"#000000"},{"name":"contrast-3","slug":"contrast-3","color":"#878787"},{"name":"base","slug":"base","color":"#efefef"},{"name":"base-2","slug":"base-2","color":"#f7f8f9"},{"name":"base-3","slug":"base-3","color":"#ffffff"},{"name":"accent","slug":"accent","color":"#13AC9A"},{"name":"accent-2","slug":"accent-2","color":"#13AC9A"},{"name":"accent-hover","slug":"accent-hover","color":"#09bfaa"}]}