{"font-manager":[{"fontFamily":"Montserrat","googleFont":true,"googleFontApi":1,"googleFontCategory":"sans-serif","googleFontVariants":"100, 100italic, 200, 200italic, 300, 300italic, regular, italic, 400, 500, 500italic, 600, 600italic, 700, 700italic, 800, 800italic, 900, 900italic"}],"typography":[{"selector":"body","fontFamily":"Montserrat","fontSize":17,"fontSizeMobile":16,"fontSizeUnit":"px","module":"core","group":"base"},{"selector":"main-title","fontSize":25,"fontSizeUnit":"px","module":"core","group":"header"},{"selector":"widget-titles","fontWeight":"600","module":"core","group":"widgets"},{"selector":"buttons","fontSize":15,"fontSizeUnit":"px","module":"core","group":"content"},{"selector":"h1","fontWeight":"800","fontSize":28,"fontSizeMobile":24,"fontSizeUnit":"px","module":"core","group":"content"},{"selector":"h2","fontWeight":"800","fontSize":27,"fontSizeMobile":21,"fontSizeUnit":"px","module":"core","group":"content"},{"selector":"h3","fontWeight":"800","fontSize":22,"fontSizeMobile":18,"fontSizeUnit":"px","module":"core","group":"content"},{"selector":"primary-menu-items","customSelector":"","fontFamily":"","fontWeight":"600","textTransform":"","textDecoration":"","fontStyle":"","fontSize":"","fontSizeTablet":"","fontSizeMobile":"","fontSizeUnit":"px","lineHeight":"","lineHeightTablet":"","lineHeightMobile":"","lineHeightUnit":"","letterSpacing":"","letterSpacingTablet":"","letterSpacingMobile":"","letterSpacingUnit":"px","marginBottom":"","marginBottomTablet":"","marginBottomMobile":"","marginBottomUnit":"","module":"core","group":"primaryNavigation"}]}